config,znorm,w_hsv,w_lbp,w_hog,w_shsv,w_slbp,Class P@5,Class P@10,Class mAP,ML P@5,ML P@10,ML mAP,Jaccard@5,Jaccard@10,nDCG@5,nDCG@10,selection_score
HSV,False,1.0,0.0,0.0,0.0,0.0,0.4042,0.3412,0.1596,0.3883,0.351,0.2292,0.637,0.6149,0.6549,0.6414,0.3445
LBP,False,0.0,1.0,0.0,0.0,0.0,0.3338,0.2944,0.1452,0.3171,0.2983,0.2114,0.6109,0.5969,0.6239,0.6175,0.3133
HOG,False,0.0,0.0,1.0,0.0,0.0,0.1429,0.1252,0.0853,0.1633,0.1498,0.1705,0.3676,0.3615,0.3804,0.3758,0.1813
HSV+LBP (0.7/0.3),False,0.7,0.3,0.0,0.0,0.0,0.4542,0.3823,0.1827,0.4146,0.3777,0.2373,0.6601,0.6382,0.6783,0.665,0.369
HSV+LBP (0.7/0.3) z-norm,True,0.7,0.3,0.0,0.0,0.0,0.4546,0.381,0.1814,0.4121,0.3779,0.2366,0.6603,0.6368,0.678,0.6637,0.3681
HSV+HOG (0.5/0.5),False,0.5,0.0,0.5,0.0,0.0,0.4058,0.34,0.1647,0.3892,0.3623,0.2328,0.6259,0.6086,0.6419,0.6321,0.3464
HSV+HOG (0.5/0.5) z-norm,True,0.5,0.0,0.5,0.0,0.0,0.3567,0.316,0.1568,0.3567,0.3394,0.2279,0.5927,0.5829,0.6019,0.5989,0.3278
LBP+HOG (0.5/0.5),False,0.0,0.5,0.5,0.0,0.0,0.3342,0.2894,0.1515,0.3408,0.319,0.2124,0.5777,0.5623,0.5919,0.5831,0.3111
LBP+HOG (0.5/0.5) z-norm,True,0.0,0.5,0.5,0.0,0.0,0.2488,0.2167,0.1236,0.2621,0.2446,0.1957,0.4872,0.4777,0.5015,0.4956,0.2552
HSV+LBP+HOG (0.5/0.25/0.25),False,0.5,0.25,0.25,0.0,0.0,0.4621,0.3879,0.1882,0.4208,0.3838,0.2399,0.6618,0.6397,0.6783,0.6655,0.3731
HSV+LBP+HOG (0.5/0.25/0.25) z-norm,True,0.5,0.25,0.25,0.0,0.0,0.4412,0.3798,0.185,0.4058,0.3823,0.2392,0.6487,0.6283,0.6654,0.6533,0.3679
HSV+LBP+HOG (1/3 each),False,0.3333,0.3333,0.3333,0.0,0.0,0.4758,0.4021,0.1992,0.4267,0.3929,0.2427,0.6673,0.6437,0.6841,0.6702,0.3814
HSV+LBP+HOG (1/3 each) z-norm,True,0.3333,0.3333,0.3333,0.0,0.0,0.4371,0.3796,0.1876,0.4088,0.3742,0.2376,0.6469,0.6272,0.6619,0.6506,0.3659
Spatial HSV,False,0.0,0.0,0.0,1.0,0.0,0.3504,0.3044,0.1552,0.3642,0.34,0.2284,0.623,0.6066,0.6404,0.6306,0.3317
Spatial LBP,False,0.0,0.0,0.0,0.0,1.0,0.3117,0.2756,0.1376,0.3308,0.3069,0.2117,0.6088,0.5947,0.6232,0.6162,0.3096
Spatial HSV+LBP (0.7/0.3),False,0.0,0.0,0.0,0.7,0.3,0.4225,0.3662,0.182,0.3967,0.3656,0.2389,0.6569,0.6325,0.6747,0.6598,0.3625
Best weighted fusion (global only),False,0.1,0.7,0.2,0.0,0.0,0.4958,0.4396,0.2131,0.435,0.4094,0.2416,0.682,0.6632,0.6998,0.6894,0.3986
Best fusion incl. spatial,False,0.1,0.7,0.2,0.0,0.0,0.4958,0.4396,0.2131,0.435,0.4094,0.2416,0.682,0.6632,0.6998,0.6894,0.3986
SELECTED: Engine v1 (HSV0.1+LBP0.7+HOG0.2),False,0.1,0.7,0.2,0.0,0.0,0.4958,0.4396,0.2131,0.435,0.4094,0.2416,0.682,0.6632,0.6998,0.6894,0.3986
