,Random (reference),HSV,LBP,HOG,HSV+LBP (0.7/0.3),HSV+LBP+HOG (0.5/0.25/0.25),HSV+LBP (0.7/0.3) z-norm,HSV+LBP+HOG equal z-norm,HSV+LBP+HOG (0.5/0.25/0.25) z-norm
airport,0.03,0.07,0.21,0.04,0.16,0.08,0.14,0.03,0.04
bareland,0.08,0.43,0.28,0.01,0.48,0.54,0.48,0.68,0.66
baseballfield,0.04,0.56,0.53,0.47,0.71,0.72,0.71,0.71,0.69
beach,0.03,0.48,0.14,0.13,0.55,0.54,0.55,0.38,0.46
bridge,0.01,0.12,0.16,0.19,0.15,0.15,0.16,0.1,0.12
center,0.02,0.14,0.14,0.07,0.25,0.25,0.23,0.24,0.25
church,0.07,0.29,0.21,0.01,0.32,0.36,0.33,0.26,0.33
commercial,0.06,0.21,0.2,0.01,0.19,0.2,0.19,0.25,0.24
denseresidential,0.06,0.06,0.14,0.09,0.09,0.1,0.09,0.26,0.19
desert,0.03,0.8,0.35,0.04,0.78,0.77,0.79,0.76,0.75
farmland,0.04,0.15,0.29,0.0,0.22,0.21,0.22,0.16,0.15
forest,0.03,0.42,0.79,0.84,0.52,0.6,0.47,0.72,0.61
industrial,0.0,0.26,0.26,0.06,0.25,0.29,0.25,0.26,0.27
meadow,0.03,0.27,0.46,0.56,0.31,0.33,0.3,0.48,0.44
mediumresidential,0.03,0.8,0.45,0.0,0.83,0.85,0.84,0.65,0.78
mountain,0.07,0.4,0.15,0.1,0.44,0.45,0.44,0.5,0.48
park,0.04,0.16,0.19,0.04,0.18,0.24,0.16,0.26,0.26
parking,0.04,0.85,0.58,0.13,0.92,0.92,0.91,0.79,0.86
playground,0.02,0.03,0.01,0.06,0.01,0.01,0.01,0.04,0.03
pond,0.03,0.21,0.35,0.24,0.47,0.5,0.45,0.66,0.52
port,0.05,0.32,0.22,0.0,0.33,0.31,0.31,0.24,0.25
railwaystation,0.02,0.22,0.12,0.16,0.26,0.22,0.24,0.18,0.21
resort,0.05,0.51,0.32,0.0,0.52,0.62,0.53,0.58,0.66
river,0.03,0.04,0.13,0.02,0.03,0.03,0.03,0.05,0.04
school,0.04,0.29,0.31,0.04,0.36,0.38,0.35,0.41,0.4
sparseresidential,0.02,0.74,0.56,0.09,0.8,0.81,0.8,0.67,0.75
square,0.0,0.05,0.16,0.02,0.04,0.04,0.03,0.01,0.02
stadium,0.02,0.09,0.15,0.55,0.07,0.06,0.07,0.25,0.17
storagetanks,0.03,0.2,0.19,0.02,0.33,0.28,0.35,0.15,0.15
viaduct,0.02,0.18,0.16,0.01,0.26,0.2,0.26,0.11,0.12
